selection,horizon,observations,win_rate,average_net_return,median_net_return,average_winner,average_loser,profit_factor,best,worst,symbol
TRADE,5,8,1.0,0.0934929470499869,0.07771050268805735,0.0934929470499869,,,0.26879909455735973,0.004191358449377791,IOC
TRADE,5,5,0.8,0.05441819080631609,0.049032914451747844,0.07351157426399868,-0.021955343024414264,13.39292657504901,0.17650213901563072,-0.021955343024414264,TRENT
TRADE,5,4,0.75,0.03558707355425042,0.03844540789188822,0.04950615520778571,-0.006170171406355451,24.07039543024346,0.0716276498395807,-0.006170171406355451,ABB
TRADE,5,1,1.0,0.034935364049109685,0.034935364049109685,0.034935364049109685,,,0.034935364049109685,0.034935364049109685,INFY
TRADE,5,36,0.75,0.030363469223916337,0.019107828046398878,0.04626276037381722,-0.017334404225786297,8.006521557573528,0.19680784073048319,-0.03879700995097857,HAL
TRADE,5,9,0.7777777777777778,0.024783846644424987,0.012230116224261955,0.039695547154222854,-0.02740710513986755,5.069284564376704,0.08465075800358846,-0.03295540545507447,TATASTEEL
TRADE,5,24,0.5833333333333334,0.019675474276631525,0.013712139975766369,0.05310804696124806,-0.027130127481831624,2.7405424392324913,0.11898734932574206,-0.0969820048942569,BEL
TRADE,5,4,1.0,0.016653755167968465,0.015805992009229608,0.016653755167968465,,,0.029616484592394077,0.005386552061020566,BOSCHLTD
TRADE,5,13,0.7692307692307693,0.016557410706490066,0.018612689010143235,0.027975427456358726,-0.021502645126405467,4.336742029008114,0.0725961215080928,-0.03176458734267351,CIPLA
TRADE,5,7,0.5714285714285714,0.015719718177649517,0.002778656030805182,0.035184833727021025,-0.010233769221512498,4.5841478951285675,0.06995948385311568,-0.014285074852028345,BHARTIARTL
TRADE,5,9,0.5555555555555556,0.015135232332818636,0.015120757297927945,0.04719900612401991,-0.02494448490618295,2.3652024837121792,0.09562267929722945,-0.04073330728436009,ADANIPORTS
TRADE,5,5,0.4,0.015094892813851101,-0.006797486101123518,0.058267597205767574,-0.013686910114093212,2.8381179155875986,0.10829875376802556,-0.025791751290397458,ADANIENT
TRADE,5,11,0.45454545454545453,0.01463532373828591,-0.0003730036595178676,0.05232476044578847,-0.016772540184632884,2.5997235098656852,0.09721629598753956,-0.0590932914437603,ONGC
TRADE,5,41,0.7804878048780488,0.01390400391129913,0.023537710674435885,0.027091579223780443,-0.03298515275530109,2.920271909379149,0.0653167359009652,-0.0829497770993064,NAUKRI
TRADE,5,24,0.7083333333333334,0.010501550584676467,0.014991267036885803,0.028319201336702706,-0.03276988695595868,2.0987317819774267,0.067006898572884,-0.13573534636693874,AUROPHARMA
TRADE,5,5,0.6,0.009330583819889781,0.012718994457701083,0.026436087403516922,-0.016327671555550927,2.4286458096833865,0.03922411422812622,-0.029864397039074286,DRREDDY
TRADE,5,1,1.0,0.009143701022553463,0.009143701022553463,0.009143701022553463,,,0.009143701022553463,0.009143701022553463,GRASIM
TRADE,5,11,0.5454545454545454,0.006897646419614555,0.004691380998687267,0.0370243039386123,-0.029254342603182736,1.5187203256962292,0.06724967200657783,-0.05167194258508756,M&M
TRADE,5,7,0.7142857142857143,0.006545521434744469,0.011546196736819336,0.017408208394660996,-0.020611195965046847,2.111499063928946,0.03228748875062393,-0.0371463420293231,HCLTECH
TRADE,5,11,0.7272727272727273,0.005384617667685407,0.007455470511161799,0.018771304741397155,-0.03031321452887925,1.6513198425735043,0.0432345975152546,-0.04644717254675512,DLF
TRADE,5,5,0.6,0.0052983548334755385,0.014119422307651286,0.014813222535807894,-0.008973946720022996,2.4760380796705803,0.015337561968948643,-0.010708534350355459,RELIANCE
TRADE,5,22,0.5909090909090909,0.004103654412666408,0.004121832558842242,0.027636266476405106,-0.02988789634606727,1.3356260044137318,0.09258641295447978,-0.07460557720286842,SHRIRAMFIN
TRADE,5,21,0.42857142857142855,0.0035715473137986065,-0.00650107338119188,0.04334197933412804,-0.026256276701448467,1.238046234438212,0.08178361553311886,-0.07344024592349363,COALINDIA
TRADE,5,4,0.25,0.003547865596448513,-0.012810564701464633,0.0753418156106922,-0.020383451074966048,1.2320749045161004,0.0753418156106922,-0.03552922382196888,SUNPHARMA
TRADE,5,2,0.5,0.001606654829664933,0.001606654829664933,0.011716782452788843,-0.008503472793458977,1.3778820415350304,0.011716782452788843,-0.008503472793458977,SBIN
TRADE,5,11,0.6363636363636364,-4.305447266132619e-05,0.007576694729426681,0.03360487831311005,-0.058926936847761235,0.997990735542142,0.10348774576989528,-0.09467993120878271,SAIL
TRADE,5,9,0.4444444444444444,-0.0011047729769101894,0.0,0.03139422721582802,-0.027103973131100755,0.9266310017051888,0.06951136618038944,-0.0647284044391323,NTPC
TRADE,5,15,0.4666666666666667,-0.0024512309238216234,-0.0029601995360787337,0.01599044478681431,-0.018587697170628067,0.7527365579514524,0.027308018572765436,-0.049246200694197495,BAJFINANCE
TRADE,5,20,0.5,-0.00323400691235044,0.00045005200643838394,0.0281361459108338,-0.03460415973553468,0.8130856557670164,0.07808991562014578,-0.06257315708947742,LT
TRADE,5,24,0.4583333333333333,-0.0038252077446279628,-0.002030169896027556,0.03256475680761219,-0.034616716211908094,0.7959967679530185,0.08312119235050908,-0.0917060746076922,POWERGRID
TRADE,5,9,0.3333333333333333,-0.004445049342729355,-0.014528495576792255,0.027224577030414848,-0.020279862529301456,0.671221932374524,0.03421784352892954,-0.03323853080198913,HEROMOTOCO
TRADE,5,7,0.42857142857142855,-0.009116595579587343,-0.004168936480306917,0.007546314332964228,-0.021613778014001023,0.26185777174434266,0.013759708073309618,-0.031028778434017745,DIVISLAB
TRADE,5,3,0.6666666666666666,-0.009708883722745068,0.021048535852868033,0.022628399250606668,-0.07438344966944854,0.6084256471342661,0.024208262648345302,-0.07438344966944854,JSWSTEEL
TRADE,5,14,0.35714285714285715,-0.011063196082810691,-0.018264391350228393,0.01934946023442574,-0.027959116259053157,0.3844792528717989,0.037922928633800757,-0.048834413414870936,HINDALCO
TRADE,5,8,0.625,-0.01461315966346402,0.0014357656835903843,0.01218648950224166,-0.05927924160630682,0.3426294818675367,0.02676353123672759,-0.07488162817451716,BAJAJFINSV
TRADE,5,2,0.0,-0.018857393897666053,-0.018857393897666053,,-0.018857393897666053,0.0,-0.011986925082472566,-0.02572786271285954,ITC
TRADE,5,1,0.0,-0.027392793586674236,-0.027392793586674236,,-0.027392793586674236,0.0,-0.027392793586674236,-0.027392793586674236,NESTLEIND
TRADE,5,1,0.0,-0.03306103043246977,-0.03306103043246977,,-0.03306103043246977,0.0,-0.03306103043246977,-0.03306103043246977,WIPRO
TRADE,5,1,0.0,-0.035229438168535854,-0.035229438168535854,,-0.035229438168535854,0.0,-0.035229438168535854,-0.035229438168535854,BPCL
TRADE,5,0,,,,,,,,,APOLLOHOSP
TRADE,5,0,,,,,,,,,ASIANPAINT
TRADE,5,0,,,,,,,,,AXISBANK
TRADE,5,0,,,,,,,,,EICHERMOT
TRADE,5,0,,,,,,,,,HDFCBANK
TRADE,5,0,,,,,,,,,HINDUNILVR
TRADE,5,0,,,,,,,,,ICICIBANK
TRADE,5,0,,,,,,,,,KOTAKBANK
TRADE,5,0,,,,,,,,,MARUTI
TRADE,5,0,,,,,,,,,TCS
TRADE,5,0,,,,,,,,,TECHM
TRADE,5,0,,,,,,,,,TITAN
TRADE,5,0,,,,,,,,,ULTRACEMCO
TRADE,5,0,,,,,,,,,VEDL
