ticker,price,atr,atr_pct,rsi,volume_ratio,extension_atr,relative5,trend,p1,p3,p5,pred1,pred3,pred5,ensemble_probability,ensemble_return,score,turnover_cr,entry_low,entry_high,stop,target1,target2,risk_pct,rr1,rr2,action,holding_period,shares,position_value,max_loss,status,reason,date
RELIANCE,1287.0,19.142038198419336,1.4873378553550376,42.910031890688195,0.775968148422869,-0.9665971536417216,-1.8888296307668306,False,0.47178239031760905,0.4854017291973131,0.4717848071445634,-0.14051035764855274,-0.2347003825977772,-0.48821125517074193,0.4792736309081849,-0.2792400957511735,-0.31589230449146233,879.0503436,1254.825,1303.0874999999999,1263.0724522519758,1322.8913216220362,1334.855095496048,1.8591723191937959,1.5,2.0,BUY ON CONFIRMATION,1-3 sessions,19,24453.0,454.6234072124589,REJECTED,Negative expected return.,2026-08-30 15:19 IST
TCS,2342.0,58.7919474553527,2.510330805096187,53.6360650818216,1.7782334161392332,0.48263427889372074,2.0524372469845176,False,0.4618776294559064,0.4630401314922464,0.45259324703712633,-0.1682285233427474,-0.3984185109287452,-0.7375889755965755,0.46019590997119836,-0.4371731295785033,-0.40621485886371567,949.4629598,2283.45,2371.275,2268.510065680809,2452.2349014787865,2488.979868638382,3.137913506370238,1.5,2.0,BUY ON CONFIRMATION,1-3 sessions,10,23420.0,734.8993431919098,REJECTED,Negative expected return.,2026-08-30 15:19 IST
HDFCBANK,720.2999877929688,10.382971650402228,1.4414788041599327,38.45158192501346,0.7762185818744363,-1.0578480271783106,-0.5999664914556613,False,0.49260653323874765,0.4955504982393654,0.4683780205807973,-0.03189071498101526,-0.16390461095714964,-0.47099799577680673,0.4881685858245999,-0.21427517796683704,-0.31322540407592014,1188.0844808953552,702.2924880981445,729.3037376403809,707.321273229966,739.7680596374729,746.2574169189743,1.8018485051999138,1.5,2.0,BUY ON CONFIRMATION,1-3 sessions,34,24490.199584960938,441.2762951420941,REJECTED,Negative expected return.,2026-08-30 15:19 IST
ICICIBANK,1422.800048828125,20.81673700989294,1.463082393554768,51.40389774622012,1.0117700725485574,0.017934248840726683,0.5120043228384441,False,0.47438091468104543,0.4766037956018879,0.47345904868692523,-0.16385688537569007,-0.28730660845669015,-0.4911422413027512,0.4753730326889788,-0.3135755720520054,-0.2969315615292657,1227.2700447578613,1387.2300476074217,1440.5850494384765,1396.779127565759,1461.831430721674,1474.8418913528571,1.828852991943453,1.5,2.0,BUY ON CONFIRMATION,1-3 sessions,17,24187.600830078125,442.35566146022325,REJECTED,Negative expected return.,2026-08-30 15:19 IST
INFY,1144.0,27.073403407168797,2.3665562418853847,53.020369271781206,1.1367011590384366,0.36680476562612696,2.366557303933803,False,0.4391952530658398,0.4330389189427777,0.42415387856305203,-0.2189043869518506,-0.53095216015456,-0.8877510790433227,0.43204892567245873,-0.5577423352362089,-0.38018172054389676,1100.7532536,1115.3999999999999,1158.3,1110.158245741039,1194.7626313884414,1211.6835085179218,2.9581953023567236,1.4999999999999998,2.0,BUY ON CONFIRMATION,1-3 sessions,21,24024.0,710.6768394381793,REJECTED,Negative expected return.,2026-08-30 15:19 IST
BHARTIARTL,1882.4000244140625,33.034907404545685,1.7549355597160337,41.29998891156732,1.1174432631692983,-1.2984319284272214,-2.9534235085948435,False,0.46980097867188897,0.47863535975284144,0.47759804973324665,-0.1324121260928571,-0.2550135768798023,-0.39136336873406796,0.47660915603175225,-0.26458073468597965,-0.3686095785791186,1149.449926907959,1835.340023803711,1905.9300247192382,1841.1063901583805,1944.3404757975857,1964.9872929254266,2.1936694496450384,1.5,2.0,BUY ON CONFIRMATION,1-3 sessions,13,24471.200317382812,536.8172453238665,REJECTED,Negative expected return.,2026-08-30 15:19 IST
SBIN,1047.5,17.03742823958934,1.6264847961421802,49.38883575863859,0.5761039615384415,-0.1826397856383153,0.20039505009343817,False,0.4672578698052883,0.4636008175262045,0.443226642556385,-0.1370153227186709,-0.3752674965323506,-0.7281450976512683,0.4592386842395665,-0.4158364620493441,-0.3173889755579776,520.531242,1021.3125,1060.59375,1026.2032147005134,1079.44517794923,1090.0935705989732,2.0331059951777184,1.5,2.0,BUY ON CONFIRMATION,1-3 sessions,23,24092.5,489.8260618881918,REJECTED,Negative expected return.,2026-08-30 15:19 IST
ITC,266.0,4.1904844127292815,1.5753700799734143,32.82303428339905,1.255289532500897,-1.9070188844951017,-0.9472438229334412,False,0.48574759913059157,0.48774658508728735,0.48054527411900405,-0.14927894018066812,-0.26298400166261104,-0.4727378262844097,0.48554646015387737,-0.29268144552167213,-0.2866134501245464,404.3425302,259.34999999999997,269.325,260.7618944840884,273.85715827386747,276.47621103182325,1.9692125999667769,1.4999999999999998,2.0,BUY ON CONFIRMATION,1-3 sessions,93,24738.0,487.14381297978133,REJECTED,Negative expected return.,2026-08-30 15:19 IST
HINDUNILVR,2010.4000244140625,30.94561617960579,1.5392765521192722,37.46700034246297,0.8977711376832472,-1.2946107492998267,0.08653115607148987,False,0.4716140966731786,0.47190275233058593,0.4579329071716978,-0.1401273038534804,-0.3111292364981549,-0.5795994355442834,0.46835255990938246,-0.34404639973075213,-0.31434831165468136,187.61294275834962,1960.1400238037108,2035.530024719238,1971.7180041895554,2068.423054750823,2087.764064863077,1.9240956901490858,1.5,2.0,BUY ON CONFIRMATION,1-3 sessions,12,24124.80029296875,464.1842426940857,REJECTED,Negative expected return.,2026-08-30 15:19 IST
LT,4045.800048828125,54.80256418526392,1.3545544397612435,52.390500521441545,0.6692166523371895,0.12620695228894854,-0.8383693917752733,True,0.4591770089499431,0.462435930124688,0.4476590463220404,-0.16479683281997343,-0.33390563140184026,-0.6205114010705951,0.45808992493907713,-0.3717353141026556,-0.14975197811857263,361.6767228450195,3944.6550476074217,4096.372549438476,3977.296843596545,4148.554856675495,4182.806459291285,1.6931930497015584,1.5,2.0,BUY ON CONFIRMATION,1-3 sessions,6,24274.80029296875,411.0192313894804,REJECTED,Negative expected return.,2026-08-30 15:19 IST
BAJFINANCE,1079.9000244140625,22.399096214788962,2.0741823972957474,50.3127313117202,0.9381633153754138,-0.2256348920389786,-1.0641754185486518,False,0.47478376145285267,0.4692514848191382,0.46635263706801167,-0.057825205320870675,-0.22182395800273935,-0.40904312315440766,0.4696332282080995,-0.2358289987542827,-0.43051374868498204,491.82005600892336,1052.902523803711,1093.3987747192382,1051.9011541455764,1121.8983298167918,1135.8977649510348,2.592727996619679,1.5,2.0,BUY ON CONFIRMATION,1-3 sessions,23,24837.700561523438,643.9740161751813,REJECTED,Negative expected return.,2026-08-30 15:19 IST
HCLTECH,1316.0999755859375,31.277362375803577,2.3765187262372423,52.975571180954795,2.159136214698081,0.13123365456742653,1.3589617845668922,False,0.44562149229558223,0.4631408326308631,0.47027881950391465,-0.2311020110765962,-0.38826551770531,-0.5948039528049487,0.46142146128206984,-0.4084674251544769,-0.3966083568034402,455.3016279140137,1283.197476196289,1332.5512252807616,1277.003272616183,1374.7450300405692,1394.2933815254464,2.970648407796552,1.4999999999999998,2.0,BUY ON CONFIRMATION,1-3 sessions,18,23689.799560546875,703.7406534555803,REJECTED,Negative expected return.,2026-08-30 15:19 IST
KOTAKBANK,423.70001220703125,7.61703879428777,1.7977433502092701,74.162259856254,1.8461167871409272,3.1179212356081143,5.503503249262964,True,0.43435691315891933,0.4073900453679446,0.40491758742412687,-0.23821501173040796,-0.6171664195291487,-0.9132954452309917,0.4121653044401852,-0.6154083943948614,-0.19144025210859983,803.0351587958862,413.10751190185545,428.9962623596191,414.1787137141715,437.9819599463209,442.7426091927507,2.247179187761591,1.5,2.0,WAIT FOR PULLBACK,1-3 sessions,59,24998.300720214844,561.756611078724,REJECTED,Negative expected return.,2026-08-30 15:19 IST
MARUTI,13376.0,218.30793069959992,1.6320868024790665,38.02224572291476,0.9670347668215034,-1.3661102737405895,-1.0784737735130556,False,0.46782299751127293,0.4918161240797801,0.4930622299735047,-0.18684744471619893,-0.20645747541219103,-0.34613553273477166,0.4873290252395098,-0.23745498360363776,-0.3503997882878247,371.1960384,13041.6,13543.199999999999,13103.1150866255,13785.327370061752,13921.769826749001,2.0401085030988386,1.5,2.0,BUY ON CONFIRMATION,1-3 sessions,1,13376.0,272.8849133745007,REJECTED,Negative expected return.,2026-08-30 15:19 IST
M&M,3334.0,63.36249351969709,1.9004947066495828,47.27658358937785,0.9963674691826163,-0.6869333233994793,-1.9769573825999198,False,0.463559306886644,0.47836274300526593,0.4743286002468457,-0.13706598523846983,-0.2425552308439647,-0.4464201388336803,0.47439352009193647,-0.27242360872029464,-0.39614732200355984,581.4742716,3250.65,3375.6749999999997,3254.7968831003786,3452.8046753494323,3492.406233799243,2.3756183833119784,1.5,2.0,BUY ON CONFIRMATION,1-3 sessions,7,23338.0,554.4218182973495,REJECTED,Negative expected return.,2026-08-30 15:19 IST
AXISBANK,1265.0,20.028313767582645,1.5832659104808415,54.949749076810875,0.7096375431713061,0.8636001583018964,1.8559921651094102,False,0.4718468864214035,0.4541038521867256,0.42267337377271896,-0.08169882178634692,-0.33522073180912,-0.7443524146599741,0.4497948394301595,-0.3867992705172789,-0.2706946998247458,410.2988285,1233.375,1280.8125,1239.9646077905218,1302.5530883142173,1315.0707844189565,1.9790823881010462,1.5,2.0,BUY ON CONFIRMATION,1-3 sessions,19,24035.0,475.6724519800864,REJECTED,Negative expected return.,2026-08-30 15:19 IST
TITAN,5169.2001953125,77.82454634945127,1.5055432834662432,71.92795517034712,0.9843189328177586,1.8338542837422782,1.9486845216658333,True,0.4427553674379624,0.4276190337264331,0.40763204103486633,-0.12597301876154005,-0.4463516047832696,-0.8517092323776198,0.42564955229584733,-0.4836152944775113,-0.28022093893797484,283.1708543792969,5039.970190429687,5233.815197753906,5071.919512375686,5315.12121971772,5363.761561186128,1.8819291043327968,1.5,2.0,BUY ON CONFIRMATION,1-3 sessions,4,20676.80078125,389.1227317472549,REJECTED,Negative expected return.,2026-08-30 15:19 IST
NTPC,330.04998779296875,6.003599117695297,1.8189969216000061,33.47800721946207,0.9769997359798681,-1.461552704012922,-2.611656392892059,False,0.47777658192439687,0.5005356288461028,0.4968726426148022,-0.16458018779490416,-0.16986274094257328,-0.3080013872040038,0.49506807290393656,-0.2033408918783971,-0.3917936594112157,242.00882349920656,321.7987380981445,334.17561264038085,322.54548889584964,341.3067361386474,345.05898558720696,2.273746152000003,1.5,2.0,BUY ON CONFIRMATION,1-3 sessions,75,24753.749084472656,562.837417283933,REJECTED,Negative expected return.,2026-08-30 15:19 IST
ADANIENT,3168.5,63.50256642567018,2.0041838859293097,66.52445842042113,0.6023742256757055,1.7793901707185478,6.037206841368947,True,0.44538515373850424,0.41509523448626684,0.408838613425979,-0.15948411245663446,-0.5066652839366993,-0.8114633260654182,0.4195890630716424,-0.5134285601728661,-0.22826623404730637,168.18239575,3089.2875,3208.10625,3089.1217919679125,3287.5673120481315,3327.256416064175,2.5052298574116305,1.5,2.0,BUY ON CONFIRMATION,1-3 sessions,7,22179.5,555.6474562246126,REJECTED,Negative expected return.,2026-08-30 15:19 IST
BAJAJFINSV,2002.0,35.11407755313406,1.753949927728974,53.64777151684849,0.5157950868816812,0.03412681954257946,-1.185797220503515,True,0.4716142034789713,0.47099000661764,0.4646579194093218,-0.10873972740311406,-0.2787599575736393,-0.5097763879894853,0.4695318241878268,-0.30251001914349573,-0.24235612864937903,93.4339406,1951.95,2027.0249999999999,1958.1074030585823,2067.8388954121265,2089.7851938828353,2.1924374096612214,1.5,2.0,BUY ON CONFIRMATION,1-3 sessions,12,24024.0,526.7111632970118,REJECTED,Negative expected return.,2026-08-30 15:19 IST
ONGC,232.25,3.742086194928028,1.6112319461476978,32.630943887867204,0.6612147641775764,-1.3291269954072653,-1.4406788317948171,False,0.4730299222080311,0.49759264071828474,0.48172624923171986,-0.17336122984155145,-0.19553453888051497,-0.47196212180599695,0.48871349914459283,-0.26020677280409277,-0.34637274130186735,177.41470665,226.44375,235.153125,227.57239225633995,239.26641161549009,241.6052154873201,2.0140399326846277,1.5,2.0,BUY ON CONFIRMATION,1-3 sessions,107,24850.75,500.5040285716251,REJECTED,Negative expected return.,2026-08-30 15:19 IST
POWERGRID,266.04998779296875,4.879671781140861,1.8341184006886928,39.05900212926975,0.6772459430737097,-0.9648116590758947,-2.0163151973918825,False,0.47488222871302815,0.49383991477110617,0.48939954412774767,-0.14728773909117102,-0.14974275013064187,-0.28092478490685535,0.48893828489865093,-0.18204725661680107,-0.3927961703623841,136.01834891414185,259.3987380981445,269.37561264038084,259.9503980665427,275.19937238260786,278.2491672458209,2.2926480008608654,1.5,2.0,BUY ON CONFIRMATION,1-3 sessions,93,24742.648864746094,567.261844557625,REJECTED,Negative expected return.,2026-08-30 15:19 IST
ADANIPORTS,1707.5,30.030583772370953,1.7587457553365125,48.60797161105892,1.9651352747252087,0.10478152925699459,0.7559942562347821,False,0.46815685711182287,0.46647624776552415,0.45471489866470005,-0.16457833360704377,-0.2812265912025625,-0.4996620354790934,0.46387203235957786,-0.3125058007525915,-0.2940488670285393,558.071787,1664.8125,1728.84375,1669.9617702845362,1763.8073445731955,1782.5764594309273,2.198432194170646,1.5,2.0,BUY ON CONFIRMATION,1-3 sessions,14,23905.0,525.535216016493,REJECTED,Negative expected return.,2026-08-30 15:19 IST
COALINDIA,401.0,6.2067160137684425,1.5478094797427537,35.627915246884044,7.341075113340262,-1.0736845827068018,-0.7217103684753479,False,0.4842657623575386,0.4978838232254279,0.4707909774086555,-0.13262818982755636,-0.12367076848898173,-0.4262244898779204,0.48838699959765697,-0.2011006831039313,-0.284891131320956,1544.0217884,390.97499999999997,406.0125,393.24160498278945,412.6375925258158,416.51679003442115,1.9347618496784407,1.5,2.0,BUY ON CONFIRMATION,1-3 sessions,62,24862.0,481.02049106705385,REJECTED,Negative expected return.,2026-08-30 15:19 IST
WIPRO,180.9499969482422,3.4220217186290927,1.8911421809020015,50.60390903458558,1.9337696678390737,0.08634129873573475,0.4033202847069539,False,0.4504431055003245,0.4572978027587103,0.44572043428412156,-0.1914708590693806,-0.3815567360072171,-0.673209828882471,0.453032521188386,-0.4164528338384633,-0.31104255118757196,265.7480330731064,176.42624702453614,183.2118719100952,176.67246979995582,187.36628767067174,189.50505124481492,2.363927726127503,1.5,2.0,BUY ON CONFIRMATION,1-3 sessions,138,24971.099578857422,590.2987464635187,REJECTED,Negative expected return.,2026-08-30 15:19 IST
TATASTEEL,186.5,3.8507295674078827,2.064734352497524,48.774972901788786,1.751899475883823,-0.008376249619067772,2.2273860916574684,False,0.45456656156396585,0.45837228537990293,0.4575492852592412,-0.20426417527646948,-0.31158200705022765,-0.5215893856212416,0.45740539058655016,-0.3426202853382295,-0.31921159420414225,734.2578481,181.8375,188.83124999999998,181.68658804074013,193.72011793888979,196.1268239185197,2.5809179406219123,1.5,2.0,BUY ON CONFIRMATION,1-3 sessions,134,24991.0,644.9972025408222,REJECTED,Negative expected return.,2026-08-30 15:19 IST
NESTLEIND,1454.5999755859375,29.48164455688237,2.0267870927886316,43.89451874085365,0.26317416260230286,-0.6702872135888693,-1.2084372662719667,False,0.4717657146900617,0.4668989266404982,0.45182006054046897,-0.08239228552416773,-0.28092828114103574,-0.563928743538363,0.4641025677254036,-0.311971197616994,-0.41295948868156473,64.83646655178222,1418.234976196289,1472.7824752807617,1417.7479198898345,1509.8780591300922,1528.3040869781432,2.533483865985791,1.5,2.0,BUY ON CONFIRMATION,1-3 sessions,17,24728.199584960938,626.4849468337507,REJECTED,Negative expected return.,2026-08-30 15:19 IST
ASIANPAINT,2608.699951171875,47.07577196699602,1.8045682848979523,35.12609101149346,0.7336366435193103,-1.2346627053053083,-0.8707901245097016,False,0.4867758831023848,0.4869427499308016,0.48098048165831625,-0.13719150496690263,-0.25813397605773997,-0.47841646054244646,0.48541880949699695,-0.2890161029607491,-0.382485259268178,125.88125092382812,2543.482452392578,2641.3087005615234,2549.85523621313,2696.967023609993,2726.389381089365,2.255710356122441,1.5,2.0,BUY ON CONFIRMATION,1-3 sessions,9,23478.299560546875,529.6024346287054,REJECTED,Negative expected return.,2026-08-30 15:19 IST
HAL,4861.10009765625,102.56033468750061,2.109817379340727,53.09022563516137,0.7214404559219356,-0.0902003869391297,-2.463180261228448,False,0.4723260154944457,0.466655248638699,0.44843122104488337,-0.10526889518254907,-0.30830304447214635,-0.6334935907617552,0.46323339511139444,-0.3489938511866291,-0.4263008377978822,235.43960546982422,4739.572595214843,4921.863848876953,4732.899679296875,5053.4007251953135,5117.500934375001,2.6372717241759007,1.5,2.0,BUY ON CONFIRMATION,1-3 sessions,5,24305.50048828125,641.0020917968768,REJECTED,Negative expected return.,2026-08-30 15:19 IST
BEL,411.8999938964844,6.63880802619563,1.6117523973219687,55.506003181146355,0.8537861138325171,0.6307596438145642,-0.1924300654441824,True,0.4722636358075766,0.4506102335340419,0.41454820617711197,-0.0627341517733789,-0.3429244809129453,-0.7855678486989531,0.4459254071495164,-0.397547257031534,-0.18935606733878027,330.56547968169554,401.6024940490723,417.0487438201904,403.6014838637398,424.34775894560124,428.49701396197355,2.014690496652466,1.5,2.0,BUY ON CONFIRMATION,1-3 sessions,60,24713.999633789062,497.91060196467356,REJECTED,Negative expected return.,2026-08-30 15:19 IST
TECHM,1640.9000244140625,37.307834044745036,2.2736201773211033,61.51027482566444,1.6632293100538846,1.1230359592086798,3.9069910441100975,False,0.4340363139091647,0.4361729385326636,0.43270114753899586,-0.20850589056325394,-0.4518332780143334,-0.751820898593708,0.4348776658595469,-0.4781647056689612,-0.2943058111085277,560.4044426779541,1599.8775238037108,1661.4112747192382,1594.2652318581313,1710.8522132479593,1734.1696095259251,2.8420252216513733,1.5000000000000002,2.0,BUY ON CONFIRMATION,1-3 sessions,15,24613.500366210938,699.521888338968,REJECTED,Negative expected return.,2026-08-30 15:19 IST
HDFCLIFE,548.0,9.873611728208981,1.801753965001639,49.38925817890644,0.8319195080244546,0.09076659264895935,-0.910846948056776,False,0.47384477962718724,0.4749947481591402,0.46133176424812694,-0.11132041657120188,-0.24630530037379728,-0.46403996172141243,0.47134900847499633,-0.273741988950182,-0.3746648341894292,113.7747736,534.3,554.85,535.6579853397387,566.5130219903918,572.6840293205225,2.2521924562520566,1.5,2.0,BUY ON CONFIRMATION,1-3 sessions,45,24660.0,555.3906597117572,REJECTED,Negative expected return.,2026-08-30 15:19 IST
CIPLA,1423.5,23.32919071693025,1.6388613078279064,45.499687659683396,0.49677894627546565,-0.49330595475731354,-0.29263588482427716,False,0.47291721281846466,0.46258566906861115,0.4411366364225618,-0.06717323413878468,-0.2888424561484522,-0.6130686361706841,0.45928971965706955,-0.3255651567520767,-0.33126456396304704,53.8048836,1387.9125,1441.29375,1394.338511603837,1467.2422325942443,1481.822976792326,2.0485766347848893,1.5,2.0,BUY ON CONFIRMATION,1-3 sessions,17,24199.5,495.7453027347692,REJECTED,Negative expected return.,2026-08-30 15:19 IST
TRENT,2898.0,58.68525444343722,2.025026033244901,41.59327953658215,0.6801398458684896,-0.8646940803720302,-0.5743751008103648,False,0.47037481491352445,0.4844439759002152,0.47199081673280857,-0.11983050194675068,-0.20492392766382297,-0.4220503726657634,0.47851685391102544,-0.24218685377089363,-0.4245993355282017,136.1802078,2825.5499999999997,2934.225,2824.6434319457035,3008.0348520814446,3044.713136108593,2.5312825415561258,1.5,2.0,BUY ON CONFIRMATION,1-3 sessions,8,23184.0,586.8525444343722,REJECTED,Negative expected return.,2026-08-30 15:19 IST
DRREDDY,1178.0,21.75963136242327,1.8471673482532487,44.88422722697138,0.38242650308562964,-0.3510974847875111,0.5957447427672014,False,0.4677689689489463,0.47163895723968413,0.4609300679719961,-0.17446324750885947,-0.3286478005990659,-0.558083025918207,0.4681877372646146,-0.3551696963108099,-0.36492107140593266,80.4234736,1148.55,1192.725,1150.8004607969708,1218.799308804544,1232.3990784060584,2.30895918531657,1.5,2.0,BUY ON CONFIRMATION,1-3 sessions,21,24738.0,571.190323263613,REJECTED,Negative expected return.,2026-08-30 15:19 IST
EICHERMOT,8059.0,125.50902074125602,1.5573771031301156,60.93546086829608,0.9964386190298082,0.681453274437992,0.9265531164829977,True,0.44579120953874984,0.4434988008091871,0.4409110409771244,-0.20890764956706995,-0.4183005905413026,-0.662336070338186,0.44331034259708396,-0.43743087229567695,-0.15334874572056187,271.5939413,7857.525,8159.737499999999,7902.11372407343,8294.329413889856,8372.77255185314,1.946721378912648,1.5,2.0,BUY ON CONFIRMATION,1-3 sessions,3,24177.0,470.6588277797109,REJECTED,Negative expected return.,2026-08-30 15:19 IST
BAJAJ-AUTO,11910.0,203.21516914925488,1.7062566679198563,64.43245179908062,1.1809512245031042,1.4529162818950605,2.109689580518337,True,0.4370387554343827,0.44485085888805154,0.44546484033101896,-0.2332304572015342,-0.4377936708828729,-0.7169377661776303,0.4434419335580596,-0.46666705197029457,-0.20626996971040382,312.745881,11612.25,12058.875,11655.981038563432,12291.028442154853,12418.037922873136,2.1328208348998166,1.5,2.0,BUY ON CONFIRMATION,1-3 sessions,2,23820.0,508.03792287313627,REJECTED,Negative expected return.,2026-08-30 15:19 IST
BRITANNIA,5308.5,102.38650244216123,1.9287275584847174,43.063108906705125,0.9521237474011772,-0.9825557089122758,-0.7383043019582924,False,0.4654604392417148,0.4803429334836874,0.4717780815068333,-0.17619312808029877,-0.27123146561201156,-0.5194472300122575,0.4752252216410794,-0.3142777392057305,-0.40017318903301424,130.91344935,5175.787499999999,5374.85625,5180.516871947299,5500.474692079052,5564.466256105403,2.4109094481058952,1.5,2.0,BUY ON CONFIRMATION,1-3 sessions,4,21234.0,511.9325122108057,REJECTED,Negative expected return.,2026-08-30 15:19 IST
DIVISLAB,9239.0,176.21514463939795,1.9072967273449284,81.32522731131048,2.135712224016042,4.41727728000874,7.782539083773798,True,0.4332229595117762,0.41363521447914386,0.415385112759652,-0.2793995740364241,-0.7340294114792059,-1.19438392086232,0.4179902380557974,-0.7581920713364281,-0.277101042912421,714.3825775,9008.025,9354.4875,9018.731069200752,9569.40339619887,9679.537861598496,2.384120909181164,1.5,2.0,WAIT FOR PULLBACK,1-3 sessions,2,18478.0,440.5378615984955,REJECTED,Negative expected return.,2026-08-30 15:19 IST
INDUSINDBK,994.0,18.262249165223686,1.8372484069641533,43.62796692354654,0.9964773150735979,-0.8659077644279023,-0.8387199895685371,False,0.47453369905064946,0.48625747960447624,0.47502696139486966,-0.11738483655025855,-0.19999063617766769,-0.44439365018622623,0.4811050939413093,-0.24457022975432552,-0.3882074183609099,102.0672996,969.15,1006.425,971.1721885434704,1028.2417171847944,1039.6556229130592,2.296560508705193,1.5,2.0,BUY ON CONFIRMATION,1-3 sessions,25,24850.0,570.6952864132404,REJECTED,Negative expected return.,2026-08-30 15:19 IST
HEROMOTOCO,5600.0,113.01384825127748,2.018104433058526,54.88843541912877,0.7873355615256882,0.050621737951843604,-2.0391490844493543,True,0.4606062443006291,0.46810009447744144,0.4543654715044678,-0.16513837515316088,-0.37029906781491306,-0.7021595977343311,0.4631676686988356,-0.4122320617624171,-0.28325395086811445,228.61384,5460.0,5670.0,5458.732689685903,5811.900965471145,5882.534620628194,2.5226305413231587,1.5,2.0,BUY ON CONFIRMATION,1-3 sessions,4,22400.0,565.0692412563876,REJECTED,Negative expected return.,2026-08-30 15:19 IST
SHRIRAMFIN,1086.9000244140625,26.954582564057795,2.47995049761718,47.532957126651986,0.646322797747764,-0.6549610340721987,-3.499339345852348,False,0.4905523092603838,0.5127288514861341,0.5044562054917704,-0.10178477845541072,-0.09985611911009885,-0.28474918135298344,0.5062253815423932,-0.14646511653988237,-0.5278137019896597,239.92513732922365,1059.727523803711,1100.4862747192383,1053.2067962089902,1137.439866721671,1154.286480824207,3.099938122021478,1.5000000000000002,2.0,BUY ON CONFIRMATION,1-3 sessions,22,23911.800537109375,741.25102051159,REJECTED,Negative expected return.,2026-08-30 15:19 IST
GODREJCP,915.0,22.42204986089409,2.450497252556731,30.991070165012218,0.7183666349973489,-1.9700813023772594,-1.6144426645142262,False,0.4988738228468422,0.5141486774553934,0.5155767746437776,-0.1055826056440448,-0.014609968751729452,-0.09298399630656816,0.5114507308307792,-0.0523980030189022,-0.5212994413686258,85.165821,892.125,926.4375,886.9724376738824,957.0413434891765,971.0551246522352,3.0631215656959148,1.4999999999999998,2.0,BUY ON CONFIRMATION,1-3 sessions,26,23790.0,728.7166204790581,REJECTED,Negative expected return.,2026-08-30 15:19 IST
DABUR,386.0,6.453128818273977,1.6717950306409268,24.67662763168505,1.3709051059090762,-2.5551888470515465,-3.3056566213447103,False,0.49988606502538074,0.5162094769468448,0.49324045549847917,-0.06305202470592836,-0.08341053393658468,-0.3475136234830989,0.5072025392004607,-0.14536460447708197,-0.3164529946523966,74.3384276,376.34999999999997,390.825,377.9335889771575,398.09961653426376,402.1328220456849,2.0897437883011625,1.5,2.0,BUY ON CONFIRMATION,1-3 sessions,64,24704.0,516.2503054619192,REJECTED,Negative expected return.,2026-08-30 15:19 IST
SIEMENS,4089.0,97.09146719144113,2.374455054816364,64.98444301458576,0.8523503774077792,1.405483265791938,4.626042275442477,True,0.4358994650673231,0.4314011421102735,0.4339502841108905,-0.2605446733869044,-0.5133596963701998,-0.8306436096261711,0.4329380922018377,-0.5421176700875336,-0.31965927504009384,114.0720597,3986.775,4140.1125,3967.6356660106985,4271.046500983953,4331.728667978603,2.968068818520457,1.5,2.0,BUY ON CONFIRMATION,1-3 sessions,6,24534.0,728.1860039358089,REJECTED,Negative expected return.,2026-08-30 15:19 IST
DLF,679.7999877929688,15.369988061159647,2.2609573899905007,57.91002721296469,0.39854951084811957,0.7564890997126743,0.5655200815082084,True,0.45959480196103014,0.46928510941788354,0.46572446690571473,-0.13615006490209297,-0.25435740082668223,-0.4565869020279523,0.4664568872984707,-0.2812733089420819,-0.33201151176438337,72.0590706260498,662.8049880981445,688.2974876403808,660.5875027165192,708.618715407643,718.2249579458678,2.8261967374881203,1.5,2.0,BUY ON CONFIRMATION,1-3 sessions,36,24472.799560546875,691.6494627521829,REJECTED,Negative expected return.,2026-08-30 15:19 IST
VEDL,287.95001220703125,8.078089572202058,2.8053791386520404,59.622198433812294,1.6162586726130985,1.6384859499588746,3.5227074655860724,True,0.45835418374448184,0.442571097259053,0.42704791243806617,-0.19551501186384998,-0.5368521011892108,-0.9194644389203951,0.4418469183508921,-0.5642377677569347,-0.3849973484629279,559.7459135492431,280.75126190185546,291.5493873596191,277.8524002417787,303.09643015491014,308.14523613753636,3.5067239233150436,1.5,2.0,BUY ON CONFIRMATION,1-3 sessions,74,21308.300903320312,747.223285428689,REJECTED,Negative expected return.,2026-08-30 15:19 IST
AMBUJACEM,412.04998779296875,8.951848918752615,2.1725152733775595,42.783065225115735,0.9935181377212259,-0.7382600326468376,-0.2762587419846363,False,0.46729208455451837,0.4749930962760732,0.4637327463363865,-0.12615835676795223,-0.2510217961151256,-0.47374782083401173,0.4706378064468406,-0.2817306144254125,-0.44795859701429297,88.69227649248047,401.74873809814454,417.2006126403808,400.860176644528,428.83470451562994,434.42961008985026,2.7156440917219453,1.5,2.0,BUY ON CONFIRMATION,1-3 sessions,60,24722.999267578125,671.3886689064452,REJECTED,Negative expected return.,2026-08-30 15:19 IST
BANKBARODA,241.89999389648438,4.46131158540987,1.8442793294649638,42.90451085105802,0.49122492618699937,-0.6822494429686758,-1.749962013347628,False,0.474760626126351,0.4510642976446579,0.4185241449122448,-0.0643782896165773,-0.371306466850238,-0.7581451204676527,0.44766852515789324,-0.4066304948078595,-0.3562967188748509,86.39823551003722,235.85249404907225,244.92374382019042,236.32335441472205,250.26495311912785,253.05327286000906,2.3053491618312005,1.5,2.0,BUY ON CONFIRMATION,1-3 sessions,103,24915.69937133789,574.3938666215198,REJECTED,Negative expected return.,2026-08-30 15:19 IST
PNB,115.4000015258789,2.050268900309572,1.7766628017329718,54.144130025673164,0.7706168696029126,0.08714486603372931,-0.6718844844239347,True,0.45276500496402716,0.44632873032566067,0.43589596968886346,-0.15412427713983246,-0.42257259475550113,-0.7157252745093567,0.4450077950941347,-0.4421711011708313,-0.21670063274851745,98.12051305740052,112.51500148773194,116.84250154495238,112.83716540049194,119.24425571395935,120.52567377665284,2.220828502166215,1.5,2.0,BUY ON CONFIRMATION,1-3 sessions,216,24926.400329589844,553.5726030835846,REJECTED,Negative expected return.,2026-08-30 15:19 IST
GAIL,171.10000610351562,3.2777423702662563,1.9156880498783966,44.28878123946571,1.052523681443736,-0.7644789314449126,-0.20843447975134044,False,0.4541429040771668,0.45906963219757857,0.47453341351504535,-0.19959252547646925,-0.324812399014348,-0.37960946127761014,0.46195023190286294,-0.3134676898725878,-0.3892828641644849,148.96750169400025,166.82250595092773,173.23875617980957,167.0028281406828,177.24577304776489,179.2943620291813,2.394610062348002,1.5,2.0,BUY ON CONFIRMATION,1-3 sessions,146,24980.60089111328,598.1879825735932,REJECTED,Negative expected return.,2026-08-30 15:19 IST
IOC,137.10000610351562,2.2644298911333016,1.6516628667569662,44.32443377659459,0.5119528080384868,-0.6428374983475108,1.1978290151726467,False,0.4639697561813436,0.4599772367571617,0.45121578941902313,-0.15764552380026983,-0.372494474433352,-0.6484708776326527,0.4585853788074635,-0.39851878510656075,-0.3033669840013442,55.53707371243897,133.67250595092773,138.81375617980956,134.269468739599,141.34581214939055,142.76108083134886,2.0645785834462016,1.5,2.0,BUY ON CONFIRMATION,1-3 sessions,182,24952.201110839844,515.1578002328247,REJECTED,Negative expected return.,2026-08-30 15:19 IST
BPCL,319.25,6.608924285772165,2.0701407316435914,55.32217912712876,0.9955323691063865,0.5229630975595785,2.9675509046175996,False,0.44962435699830455,0.4321929209462313,0.4283066549001526,-0.15619775606950784,-0.4560417858951442,-0.7170973028816032,0.4347076416451263,-0.4613368591766317,-0.32443358517302123,151.103227825,311.26875,323.24062499999997,310.9888446427848,331.6417330358228,335.77231071443043,2.587675914554492,1.5,2.0,BUY ON CONFIRMATION,1-3 sessions,78,24901.5,644.3701178627869,REJECTED,Negative expected return.,2026-08-30 15:19 IST
TATAPOWER,351.8500061035156,6.789748918451925,1.9297282366550124,21.495010769803713,1.1276679825837055,-2.837009706978802,-5.683040195014288,False,0.48703916908406714,0.5109436982348524,0.49089001680698274,-0.08330853182567563,-0.10284107377949332,-0.3369352548346615,0.501149372047728,-0.15745811065252185,-0.41630760323314664,151.3559856405609,343.0537559509277,356.24813117980955,343.36281995545073,364.58078532561296,368.82437839964547,2.4121602958187616,1.5,2.0,BUY ON CONFIRMATION,1-3 sessions,71,24981.35043334961,602.5902165126074,REJECTED,Negative expected return.,2026-08-30 15:19 IST
TATACONSUM,1040.699951171875,20.245450841957993,1.945368674146732,38.866373706859704,0.820818373903462,-1.272231285513604,-0.4764166116961621,False,0.47482688838522796,0.474840923931065,0.4624976991519989,-0.12867266710652028,-0.2634915390611976,-0.5186684376396575,0.4717523106271311,-0.30032198931487714,-0.402106930297329,101.13147473505859,1014.682452392578,1053.7087005615233,1015.3931376194275,1078.660171500546,1091.31357827677,2.4317108426834126,1.5,2.0,BUY ON CONFIRMATION,1-3 sessions,24,24976.798828125,607.3635252587392,REJECTED,Negative expected return.,2026-08-30 15:19 IST
PIIND,2420.10009765625,59.464991517881465,2.4571294210297516,31.197379283705374,1.290957585522222,-2.0642797218991746,-2.7571122717032215,False,0.49299013116303236,0.5073917513104399,0.5153536278622175,-0.15384438534761113,-0.06809751922239704,-0.12002720199798178,0.5065018964189029,-0.09822931314133604,-0.4727032378446402,60.500566361328126,2359.5975952148438,2450.351348876953,2345.768858258898,2531.5969567522775,2568.762576450954,3.071411776287195,1.4999999999999998,2.0,BUY ON CONFIRMATION,1-3 sessions,10,24201.0009765625,743.3123939735196,REJECTED,Negative expected return.,2026-08-30 15:19 IST
HAVELLS,1222.9000244140625,27.328844627926486,2.2347570596395046,37.05467970156456,2.741642836772289,-1.3531471839307994,-3.2419626233390564,False,0.5033785097384503,0.5031090829463827,0.4914905246887845,-0.040426235136587205,-0.09365057754152487,-0.3102296649450277,0.5002583287403968,-0.13715048091141305,-0.4270222717498583,217.4915464420166,1192.3275238037108,1238.1862747192383,1188.7389686291544,1274.1416080914246,1291.2221359838786,2.7934463245493766,1.5,2.0,BUY ON CONFIRMATION,1-3 sessions,20,24458.00048828125,683.2211156981612,REJECTED,Negative expected return.,2026-08-30 15:19 IST
MOTHERSON,165.60000610351562,3.741624278236823,2.259434867350159,59.72953314759456,0.6756221814828889,0.47811656607192354,-1.9168498671629508,True,0.4622021318870618,0.46599312017542954,0.45250516973919225,-0.1803720666100725,-0.37108996178741277,-0.7016874345100852,0.4618629349086967,-0.4155957509326128,-0.33018776906005953,139.83930227405395,161.46000595092772,167.67000617980958,160.9229757557196,172.61555162520966,174.9540667991077,2.8242935841877017,1.5,2.0,BUY ON CONFIRMATION,1-3 sessions,150,24840.000915527344,701.554552169405,REJECTED,Negative expected return.,2026-08-30 15:19 IST
IDFCFIRSTB,83.12000274658203,1.4452837176934024,1.7387917107026727,45.19864966295176,1.175237092435994,-0.9520566328951079,-3.8696170886104775,False,0.47486971534386785,0.5010238366727874,0.4979449424549695,-0.15017705530580594,-0.16157346247740573,-0.2914204260695664,0.4950232888525491,-0.19175592194112595,-0.32584971447190636,118.42607173722077,81.04200267791748,84.1590027809143,81.31339809946527,85.82990971725717,86.73321204081554,2.1734896383783457,1.5,2.0,BUY ON CONFIRMATION,1-3 sessions,300,24936.00082397461,541.981394135027,REJECTED,Negative expected return.,2026-08-30 15:19 IST
LUPIN,2171.5,44.07779998170411,2.029831912581354,30.147891721794707,0.42384079352430787,-1.7342059511606192,-1.0613311904719591,False,0.4847450437226743,0.5093762950856466,0.4895680175587087,-0.07679169946895063,-0.06326934905999877,-0.30498105639353107,0.49949797543131774,-0.12640174597517223,-0.4358394689522631,75.59447515,2117.2125,2198.6437499999997,2116.40275002287,2254.1458749656954,2281.69449995426,2.5372898907266914,1.5,2.0,BUY ON CONFIRMATION,1-3 sessions,11,23886.5,606.0697497484311,REJECTED,Negative expected return.,2026-08-30 15:19 IST
COLPAL,1826.9000244140625,36.64327446525657,2.0057624377671726,25.30182148600933,1.0251700274322377,-2.7724408834483882,-2.9726346011156313,False,0.4784459913849296,0.5016537235768075,0.5019553672210649,-0.17295482993887673,-0.1502871278465282,-0.24401659118514046,0.49708758804949627,-0.178253034099651,-0.4301141950199838,51.785125402038574,1781.227523803711,1849.7362747192383,1781.0959313324918,1895.6061640364185,1918.5082105772037,2.5072030472089666,1.5,2.0,BUY ON CONFIRMATION,1-3 sessions,13,23749.700317382812,595.4532100604195,REJECTED,Negative expected return.,2026-08-30 15:19 IST
CHOLAFIN,1862.9000244140625,43.62909456355436,2.34199871124469,51.72516714425249,0.9179531791385501,-0.03626620742052824,0.3148177856465484,False,0.4742194251942253,0.47470299734562815,0.46845181588270274,-0.10304474783850702,-0.24991131917148482,-0.47373894084941653,0.4730434875496162,-0.2764949103243722,-0.47719670955075366,149.59236228046876,1816.3275238037108,1886.186274719238,1808.3636562096196,1944.7045767207267,1971.9727608229484,2.9274983890558572,1.5,2.0,BUY ON CONFIRMATION,1-3 sessions,13,24217.700317382812,708.9727866577571,REJECTED,Negative expected return.,2026-08-30 15:19 IST
ICICIGI,1562.0,34.0835428988608,2.1820449999270677,31.191136036115154,1.266071127392818,-1.7630679750396585,-3.0865427585711425,False,0.5000583371901552,0.5079421904544954,0.49228094421601126,-0.08035483335498562,-0.07994481183882413,-0.27094686121804257,0.5024501082420063,-0.12777732848686105,-0.41703513655674795,134.2556182,1522.95,1581.5249999999999,1519.395571376424,1625.9066429353643,1647.208857247152,2.7275562499088375,1.5000000000000002,2.0,BUY ON CONFIRMATION,1-3 sessions,16,24992.0,681.6708579772167,REJECTED,Negative expected return.,2026-08-30 15:19 IST
INDIGO,5166.0,103.36113880021608,2.00079633759613,46.28372062046946,0.6334698697368907,-0.5405984508743352,1.410708196605448,False,0.47239765442542714,0.4789059126625954,0.46979414729009017,-0.13281593720161272,-0.2764623981447807,-0.5238197807717069,0.4753263196720355,-0.30957245161287866,-0.38666852016823616,133.0224336,5036.849999999999,5230.575,5036.79857649973,5359.802135250406,5424.40284700054,2.500995421995157,1.5,2.0,BUY ON CONFIRMATION,1-3 sessions,4,20664.0,516.8056940010792,REJECTED,Negative expected return.,2026-08-30 15:19 IST
NAUKRI,1354.0,34.81623354486092,2.5713614139483694,63.605551594743154,1.574854407561317,1.1762002205513966,0.6036870904822855,True,0.4600962666590285,0.48986999690925564,0.4799549787680551,-0.19159726438419286,-0.2640802040296584,-0.6078582468615651,0.4814364963239101,-0.335528126808542,-0.34974138574914426,244.9184254,1320.1499999999999,1370.925,1310.4797080689239,1419.2804378966143,1441.0405838621523,3.214201767435461,1.4999999999999998,2.0,BUY ON CONFIRMATION,1-3 sessions,17,23018.0,739.8449628282945,REJECTED,Negative expected return.,2026-08-30 15:19 IST
PFC,352.0,7.451177974658045,2.1168119246187627,22.287923670356605,0.8634867386259852,-2.796819368790599,-1.6655644151416515,False,0.48478977978755683,0.4997766084005354,0.506841111271439,-0.15308518388884385,-0.1071647897766433,-0.16997615734715943,0.49854536839566566,-0.13205171049171244,-0.45297821174077724,221.7451104,343.2,356.4,342.68602753167744,365.97095870248387,370.6279449366451,2.646014905773455,1.5,2.0,BUY ON CONFIRMATION,1-3 sessions,71,24992.0,661.2920452509018,REJECTED,Negative expected return.,2026-08-30 15:19 IST
RECLTD,316.79998779296875,7.252786333876016,2.289389713807618,26.067837173235034,0.8436290433573627,-2.5203175569958085,-2.7006441116639746,False,0.48311061130940236,0.514022398719877,0.5203629564301245,-0.15158776145404498,-0.015247810629908895,-0.05436336279629989,0.509425180665344,-0.05229468883633386,-0.4888637165417644,137.28999502990112,308.8799880981445,320.75998764038087,307.7340048756237,330.39896216898626,334.9319536276588,2.861737142259524,1.4999999999999998,2.0,BUY ON CONFIRMATION,1-3 sessions,78,24710.399047851562,707.1466675529119,REJECTED,Negative expected return.,2026-08-30 15:19 IST
JINDALSTEL,1179.199951171875,24.873507739227275,2.1093545428413796,68.50870874558169,0.8004645053956118,2.2524524811088664,4.87235459344848,True,0.4204894458685415,0.42500243418766476,0.4400247770093441,-0.33633716686202086,-0.5535295543003517,-0.7556132836311326,0.42785542222926,-0.5606120091453808,-0.25353358331330683,76.93418865432129,1149.719952392578,1193.9399505615233,1148.1080664978408,1225.8377781829263,1241.3837205199434,2.6366931785517327,1.5,2.0,WAIT FOR PULLBACK,1-3 sessions,21,24763.198974609375,652.929578154718,REJECTED,Negative expected return.,2026-08-30 15:19 IST
SAIL,200.0,6.696759976315258,3.348379988157629,74.57559771146848,2.663209637940284,3.446808533728929,15.61517075398935,True,0.42508486445471266,0.41089198124575715,0.42880350323357613,-0.39332134159513527,-0.8033050740301877,-1.2121126984782609,0.418208438384503,-0.8235102336551955,-0.47496362159752337,971.70008,195.0,202.5,191.62905002960593,212.55642495559107,216.74189994078813,4.1854749851970325,1.5,2.0,WAIT FOR PULLBACK,1-3 sessions,89,17800.0,745.0145473650718,REJECTED,Negative expected return.,2026-08-30 15:19 IST
HINDALCO,1037.4000244140625,23.961582822086736,2.3097727258701926,53.5205565352921,0.4031533618663661,0.27005529872829315,0.6436402628286153,True,0.4538823992966653,0.45572727082446063,0.4317990430968277,-0.15425468589022567,-0.3971926517613063,-0.8443695267607472,0.44937623958699335,-0.4603992773369504,-0.31246745449701185,175.111775501062,1011.4650238037109,1050.3675247192382,1007.4480458864541,1082.327992205475,1097.3039814692793,2.8872159073377377,1.5000000000000002,2.0,BUY ON CONFIRMATION,1-3 sessions,24,24897.6005859375,718.8474846626013,REJECTED,Negative expected return.,2026-08-30 15:19 IST
NMDC,86.76000213623047,2.021124060320677,2.3295574118902276,55.552753566874294,0.7671421871284245,0.6751242624799312,2.855890366156455,True,0.43453683712360924,0.445509870155795,0.4526719818258257,-0.26680593091356625,-0.45160318732073,-0.6264981390886604,0.4451057914668656,-0.45836747398127986,-0.2684702356518476,123.41209472668915,84.5910020828247,87.84450216293335,84.23359706082962,90.54960974933174,91.81281228703216,2.9119467648627837,1.5,2.0,BUY ON CONFIRMATION,1-3 sessions,288,24986.880615234375,727.6046617154434,REJECTED,Negative expected return.,2026-08-30 15:19 IST
UPL,571.0,11.667640345349295,2.0433695876268465,44.72335463846105,0.71527422145224,-0.5908356106726785,0.6663116345041908,False,0.4608849549387458,0.4725553547934233,0.4951830182130915,-0.2356990054900574,-0.27273160344037567,-0.27918178017575174,0.4758781906774049,-0.26693762803415605,-0.41246964770635397,67.4706733,556.725,578.1374999999999,556.4154495683134,592.8768256475298,600.1691008633732,2.5542119845335516,1.5,2.0,BUY ON CONFIRMATION,1-3 sessions,43,24553.0,627.1356685625229,REJECTED,Negative expected return.,2026-08-30 15:19 IST
POLYCAB,9088.0,180.34429036828735,1.9844222091580914,47.11488748272487,1.0264468117102434,-0.25611176807424524,1.675513748171653,False,0.45216405505562124,0.44228138341588663,0.4273768268362568,-0.15759828757978492,-0.3886704808985603,-0.7030384104589051,0.4405317785989261,-0.42104802462489144,-0.3432962125704295,229.5156224,8860.8,9201.6,8862.56963703964,9426.14554444054,9538.86072592072,2.480527761447624,1.5,2.0,BUY ON CONFIRMATION,1-3 sessions,2,18176.0,450.86072592072014,REJECTED,Negative expected return.,2026-08-30 15:19 IST
PERSISTENT,5875.0,148.45375589125146,2.5268724407021526,69.38946133763162,2.6013780663878663,2.2539745906584105,3.9760440758979776,True,0.4365280714237464,0.43850632419896085,0.4437859850929846,-0.24740943805257257,-0.494656539124108,-0.7576604110626458,0.4394305888674239,-0.5109580868944354,-0.32395674574922384,562.6082125,5728.125,5948.4375,5689.432805135935,6153.350792296098,6246.134389728129,3.1585905508776975,1.5,2.0,WAIT FOR PULLBACK,1-3 sessions,4,23500.0,742.2687794562589,REJECTED,Negative expected return.,2026-08-30 15:19 IST
